-- Test Data for Badminton Tournament Database
-- This script creates sample data for testing purposes

-- Clear existing data (optional - comment out if you want to keep existing data)
-- TRUNCATE TABLE singles_match, doubles_match, singles_player, doubles_pair, 
--          player_charges, discipline, player, tournament CASCADE;

-- ========================================
-- TOURNAMENTS
-- ========================================
INSERT INTO tournament (id, name, created_at) VALUES
  ('11111111-1111-1111-1111-111111111111', 'Spring Championship 2025', '2025-01-15 10:00:00+00'),
  ('22222222-2222-2222-2222-222222222222', 'Summer Open 2025', '2025-03-20 09:00:00+00'),
  ('33333333-3333-3333-3333-333333333333', 'Autumn Tournament 2025', '2025-09-10 08:30:00+00');

-- ========================================
-- PLAYERS
-- ========================================
INSERT INTO player (id, firstname, lastname, gender, club, created_at) VALUES
  -- Male Players
  ('a0000000-0000-0000-0000-000000000001', 'Max', 'Mueller', 'male', 'TSV M端nchen', '2025-01-10 10:00:00+00'),
  ('a0000000-0000-0000-0000-000000000002', 'Tim', 'Schmidt', 'male', 'TSV M端nchen', '2025-01-10 10:05:00+00'),
  ('a0000000-0000-0000-0000-000000000003', 'Lukas', 'Weber', 'male', 'BC Hamburg', '2025-01-10 10:10:00+00'),
  ('a0000000-0000-0000-0000-000000000004', 'Felix', 'Wagner', 'male', 'BC Hamburg', '2025-01-10 10:15:00+00'),
  ('a0000000-0000-0000-0000-000000000005', 'Jonas', 'Becker', 'male', 'SV Berlin', '2025-01-10 10:20:00+00'),
  ('a0000000-0000-0000-0000-000000000006', 'Leon', 'Hoffmann', 'male', 'SV Berlin', '2025-01-10 10:25:00+00'),
  ('a0000000-0000-0000-0000-000000000007', 'Paul', 'Fischer', 'male', 'BC Stuttgart', '2025-01-10 10:30:00+00'),
  ('a0000000-0000-0000-0000-000000000008', 'Ben', 'Koch', 'male', 'BC Stuttgart', '2025-01-10 10:35:00+00'),
  
  -- Female Players
  ('b0000000-0000-0000-0000-000000000001', 'Anna', 'Meyer', 'female', 'TSV M端nchen', '2025-01-10 11:00:00+00'),
  ('b0000000-0000-0000-0000-000000000002', 'Sarah', 'Schneider', 'female', 'TSV M端nchen', '2025-01-10 11:05:00+00'),
  ('b0000000-0000-0000-0000-000000000003', 'Lisa', 'Schulz', 'female', 'BC Hamburg', '2025-01-10 11:10:00+00'),
  ('b0000000-0000-0000-0000-000000000004', 'Emma', 'Richter', 'female', 'BC Hamburg', '2025-01-10 11:15:00+00'),
  ('b0000000-0000-0000-0000-000000000005', 'Sophie', 'Klein', 'female', 'SV Berlin', '2025-01-10 11:20:00+00'),
  ('b0000000-0000-0000-0000-000000000006', 'Marie', 'Wolf', 'female', 'SV Berlin', '2025-01-10 11:25:00+00'),
  ('b0000000-0000-0000-0000-000000000007', 'Laura', 'Neumann', 'female', 'BC Stuttgart', '2025-01-10 11:30:00+00'),
  ('b0000000-0000-0000-0000-000000000008', 'Hannah', 'Schwarz', 'female', 'BC Stuttgart', '2025-01-10 11:35:00+00');

-- ========================================
-- DISCIPLINES - Spring Championship 2025
-- ========================================
INSERT INTO discipline (id, name, gender, is_doubles, charge, tournament, created_at) VALUES
  -- Singles
  ('d1000000-0000-0000-0000-000000000001', 'Men''s Singles A', 'male', false, 15.00, '11111111-1111-1111-1111-111111111111', '2025-01-15 10:00:00+00'),
  ('d1000000-0000-0000-0000-000000000002', 'Women''s Singles A', 'female', false, 15.00, '11111111-1111-1111-1111-111111111111', '2025-01-15 10:00:00+00'),
  
  -- Doubles
  ('d1000000-0000-0000-0000-000000000003', 'Men''s Doubles A', 'male', true, 20.00, '11111111-1111-1111-1111-111111111111', '2025-01-15 10:00:00+00'),
  ('d1000000-0000-0000-0000-000000000004', 'Women''s Doubles A', 'female', true, 20.00, '11111111-1111-1111-1111-111111111111', '2025-01-15 10:00:00+00'),
  ('d1000000-0000-0000-0000-000000000005', 'Mixed Doubles A', 'mixed', true, 20.00, '11111111-1111-1111-1111-111111111111', '2025-01-15 10:00:00+00');

-- ========================================
-- DISCIPLINES - Summer Open 2025
-- ========================================
INSERT INTO discipline (id, name, gender, is_doubles, charge, tournament, created_at) VALUES
  ('d2000000-0000-0000-0000-000000000001', 'Men''s Singles B', 'male', false, 12.00, '22222222-2222-2222-2222-222222222222', '2025-03-20 09:00:00+00'),
  ('d2000000-0000-0000-0000-000000000002', 'Women''s Singles B', 'female', false, 12.00, '22222222-2222-2222-2222-222222222222', '2025-03-20 09:00:00+00');

-- ========================================
-- SINGLES PARTICIPANTS - Spring Championship
-- ========================================
-- Men's Singles A
INSERT INTO singles_player (player_id, discipline_id, created_at) VALUES
  ('a0000000-0000-0000-0000-000000000001', 'd1000000-0000-0000-0000-000000000001', '2025-01-15 10:00:00+00'),
  ('a0000000-0000-0000-0000-000000000002', 'd1000000-0000-0000-0000-000000000001', '2025-01-15 10:05:00+00'),
  ('a0000000-0000-0000-0000-000000000003', 'd1000000-0000-0000-0000-000000000001', '2025-01-15 10:10:00+00'),
  ('a0000000-0000-0000-0000-000000000004', 'd1000000-0000-0000-0000-000000000001', '2025-01-15 10:15:00+00'),
  ('a0000000-0000-0000-0000-000000000005', 'd1000000-0000-0000-0000-000000000001', '2025-01-15 10:20:00+00'),
  ('a0000000-0000-0000-0000-000000000006', 'd1000000-0000-0000-0000-000000000001', '2025-01-15 10:25:00+00');

-- Women's Singles A
INSERT INTO singles_player (player_id, discipline_id, created_at) VALUES
  ('b0000000-0000-0000-0000-000000000001', 'd1000000-0000-0000-0000-000000000002', '2025-01-15 10:00:00+00'),
  ('b0000000-0000-0000-0000-000000000002', 'd1000000-0000-0000-0000-000000000002', '2025-01-15 10:05:00+00'),
  ('b0000000-0000-0000-0000-000000000003', 'd1000000-0000-0000-0000-000000000002', '2025-01-15 10:10:00+00'),
  ('b0000000-0000-0000-0000-000000000004', 'd1000000-0000-0000-0000-000000000002', '2025-01-15 10:15:00+00');

-- ========================================
-- DOUBLES PAIRS - Spring Championship
-- ========================================
-- Men's Doubles A
INSERT INTO doubles_pair (id, player_1, player_2, discipline, created_at) VALUES
  ('c1000000-0000-0000-0000-000000000001', 'a0000000-0000-0000-0000-000000000001', 'a0000000-0000-0000-0000-000000000002', 'd1000000-0000-0000-0000-000000000003', '2025-01-15 11:00:00+00'),
  ('c1000000-0000-0000-0000-000000000002', 'a0000000-0000-0000-0000-000000000003', 'a0000000-0000-0000-0000-000000000004', 'd1000000-0000-0000-0000-000000000003', '2025-01-15 11:05:00+00'),
  ('c1000000-0000-0000-0000-000000000003', 'a0000000-0000-0000-0000-000000000005', 'a0000000-0000-0000-0000-000000000006', 'd1000000-0000-0000-0000-000000000003', '2025-01-15 11:10:00+00'),
  ('c1000000-0000-0000-0000-000000000004', 'a0000000-0000-0000-0000-000000000007', 'a0000000-0000-0000-0000-000000000008', 'd1000000-0000-0000-0000-000000000003', '2025-01-15 11:15:00+00');

-- Women's Doubles A
INSERT INTO doubles_pair (id, player_1, player_2, discipline, created_at) VALUES
  ('c1000000-0000-0000-0000-000000000005', 'b0000000-0000-0000-0000-000000000001', 'b0000000-0000-0000-0000-000000000002', 'd1000000-0000-0000-0000-000000000004', '2025-01-15 11:00:00+00'),
  ('c1000000-0000-0000-0000-000000000006', 'b0000000-0000-0000-0000-000000000003', 'b0000000-0000-0000-0000-000000000004', 'd1000000-0000-0000-0000-000000000004', '2025-01-15 11:05:00+00'),
  ('c1000000-0000-0000-0000-000000000007', 'b0000000-0000-0000-0000-000000000005', 'b0000000-0000-0000-0000-000000000006', 'd1000000-0000-0000-0000-000000000004', '2025-01-15 11:10:00+00');

-- Mixed Doubles A
INSERT INTO doubles_pair (id, player_1, player_2, discipline, created_at) VALUES
  ('c1000000-0000-0000-0000-000000000008', 'a0000000-0000-0000-0000-000000000001', 'b0000000-0000-0000-0000-000000000001', 'd1000000-0000-0000-0000-000000000005', '2025-01-15 11:00:00+00'),
  ('c1000000-0000-0000-0000-000000000009', 'a0000000-0000-0000-0000-000000000003', 'b0000000-0000-0000-0000-000000000003', 'd1000000-0000-0000-0000-000000000005', '2025-01-15 11:05:00+00'),
  ('c1000000-0000-0000-0000-000000000010', 'a0000000-0000-0000-0000-000000000005', 'b0000000-0000-0000-0000-000000000005', 'd1000000-0000-0000-0000-000000000005', '2025-01-15 11:10:00+00');

-- ========================================
-- SINGLES MATCHES
-- ========================================
-- Men's Singles A - Match 1 (Completed)
INSERT INTO singles_match (id, discipline, player_1, player_2, winner, sets, started_at, finished_at, created_at) VALUES
  ('f1000000-0000-0000-0000-000000000001', 
   'd1000000-0000-0000-0000-000000000001',
   'a0000000-0000-0000-0000-000000000001',
   'a0000000-0000-0000-0000-000000000002',
   'a0000000-0000-0000-0000-000000000001',
   '[{"player1": 21, "player2": 18}, {"player1": 21, "player2": 15}]'::json,
   '2025-01-16 09:00:00',
   '2025-01-16 09:35:00',
   '2025-01-16 09:00:00+00');

-- Men's Singles A - Match 2 (Completed)
INSERT INTO singles_match (id, discipline, player_1, player_2, winner, sets, started_at, finished_at, created_at) VALUES
  ('f1000000-0000-0000-0000-000000000002', 
   'd1000000-0000-0000-0000-000000000001',
   'a0000000-0000-0000-0000-000000000003',
   'a0000000-0000-0000-0000-000000000004',
   'a0000000-0000-0000-0000-000000000003',
   '[{"player1": 21, "player2": 19}, {"player1": 19, "player2": 21}, {"player1": 21, "player2": 16}]'::json,
   '2025-01-16 09:45:00',
   '2025-01-16 10:35:00',
   '2025-01-16 09:45:00+00');

-- Men's Singles A - Match 3 (In Progress)
INSERT INTO singles_match (id, discipline, player_1, player_2, winner, sets, started_at, finished_at, created_at) VALUES
  ('f1000000-0000-0000-0000-000000000003', 
   'd1000000-0000-0000-0000-000000000001',
   'a0000000-0000-0000-0000-000000000005',
   'a0000000-0000-0000-0000-000000000006',
   NULL,
   '[{"player1": 21, "player2": 18}]'::json,
   '2025-01-16 10:45:00',
   NULL,
   '2025-01-16 10:45:00+00');

-- Men's Singles A - Match 4 (Scheduled)
INSERT INTO singles_match (id, discipline, player_1, player_2, winner, sets, started_at, finished_at, created_at) VALUES
  ('f1000000-0000-0000-0000-000000000004', 
   'd1000000-0000-0000-0000-000000000001',
   'a0000000-0000-0000-0000-000000000001',
   'a0000000-0000-0000-0000-000000000003',
   NULL,
   NULL,
   NULL,
   NULL,
   '2025-01-16 11:00:00+00');

-- Women's Singles A - Match 1 (Completed)
INSERT INTO singles_match (id, discipline, player_1, player_2, winner, sets, started_at, finished_at, created_at) VALUES
  ('f1000000-0000-0000-0000-000000000005', 
   'd1000000-0000-0000-0000-000000000002',
   'b0000000-0000-0000-0000-000000000001',
   'b0000000-0000-0000-0000-000000000002',
   'b0000000-0000-0000-0000-000000000002',
   '[{"player1": 18, "player2": 21}, {"player1": 20, "player2": 22}]'::json,
   '2025-01-16 09:00:00',
   '2025-01-16 09:40:00',
   '2025-01-16 09:00:00+00');

-- Women's Singles A - Match 2 (Scheduled)
INSERT INTO singles_match (id, discipline, player_1, player_2, winner, sets, started_at, finished_at, created_at) VALUES
  ('f1000000-0000-0000-0000-000000000006', 
   'd1000000-0000-0000-0000-000000000002',
   'b0000000-0000-0000-0000-000000000003',
   'b0000000-0000-0000-0000-000000000004',
   NULL,
   NULL,
   NULL,
   NULL,
   '2025-01-16 09:50:00+00');

-- ========================================
-- DOUBLES MATCHES
-- ========================================
-- Men's Doubles A - Match 1 (Completed)
INSERT INTO doubles_match (id, discipline, pair_1, pair_2, winner, sets, started_at, finished_at, created_at) VALUES
  ('f1000000-0000-0000-0000-000000000101', 
   'd1000000-0000-0000-0000-000000000003',
   'c1000000-0000-0000-0000-000000000001',
   'c1000000-0000-0000-0000-000000000002',
   'c1000000-0000-0000-0000-000000000001',
   '[{"pair1": 21, "pair2": 15}, {"pair1": 21, "pair2": 17}]'::json,
   '2025-01-16 12:00:00',
   '2025-01-16 12:32:00',
   '2025-01-16 12:00:00+00');

-- Men's Doubles A - Match 2 (Scheduled)
INSERT INTO doubles_match (id, discipline, pair_1, pair_2, winner, sets, started_at, finished_at, created_at) VALUES
  ('f1000000-0000-0000-0000-000000000102', 
   'd1000000-0000-0000-0000-000000000003',
   'c1000000-0000-0000-0000-000000000003',
   'c1000000-0000-0000-0000-000000000004',
   NULL,
   NULL,
   NULL,
   NULL,
   '2025-01-16 12:40:00+00');

-- Women's Doubles A - Match 1 (In Progress)
INSERT INTO doubles_match (id, discipline, pair_1, pair_2, winner, sets, started_at, finished_at, created_at) VALUES
  ('f1000000-0000-0000-0000-000000000103', 
   'd1000000-0000-0000-0000-000000000004',
   'c1000000-0000-0000-0000-000000000005',
   'c1000000-0000-0000-0000-000000000006',
   NULL,
   '[{"pair1": 21, "pair2": 19}, {"pair1": 18, "pair2": 21}]'::json,
   '2025-01-16 13:00:00',
   NULL,
   '2025-01-16 13:00:00+00');

-- Mixed Doubles A - Match 1 (Completed)
INSERT INTO doubles_match (id, discipline, pair_1, pair_2, winner, sets, started_at, finished_at, created_at) VALUES
  ('f1000000-0000-0000-0000-000000000104', 
   'd1000000-0000-0000-0000-000000000005',
   'c1000000-0000-0000-0000-000000000008',
   'c1000000-0000-0000-0000-000000000009',
   'c1000000-0000-0000-0000-000000000009',
   '[{"pair1": 19, "pair2": 21}, {"pair1": 21, "pair2": 18}, {"pair1": 17, "pair2": 21}]'::json,
   '2025-01-16 14:00:00',
   '2025-01-16 14:52:00',
   '2025-01-16 14:00:00+00');

-- ========================================
-- PLAYER CHARGES
-- ========================================
-- Spring Championship charges
INSERT INTO player_charges (player, tournament, already_payed, created_at) VALUES
  ('a0000000-0000-0000-0000-000000000001', '11111111-1111-1111-1111-111111111111', 35.00, '2025-01-15 10:00:00+00'),
  ('a0000000-0000-0000-0000-000000000002', '11111111-1111-1111-1111-111111111111', 35.00, '2025-01-15 10:00:00+00'),
  ('a0000000-0000-0000-0000-000000000003', '11111111-1111-1111-1111-111111111111', 35.00, '2025-01-15 10:00:00+00'),
  ('a0000000-0000-0000-0000-000000000004', '11111111-1111-1111-1111-111111111111', 15.00, '2025-01-15 10:00:00+00'),
  ('a0000000-0000-0000-0000-000000000005', '11111111-1111-1111-1111-111111111111', 35.00, '2025-01-15 10:00:00+00'),
  ('a0000000-0000-0000-0000-000000000006', '11111111-1111-1111-1111-111111111111', 15.00, '2025-01-15 10:00:00+00'),
  ('b0000000-0000-0000-0000-000000000001', '11111111-1111-1111-1111-111111111111', 35.00, '2025-01-15 10:00:00+00'),
  ('b0000000-0000-0000-0000-000000000002', '11111111-1111-1111-1111-111111111111', 35.00, '2025-01-15 10:00:00+00'),
  ('b0000000-0000-0000-0000-000000000003', '11111111-1111-1111-1111-111111111111', 35.00, '2025-01-15 10:00:00+00'),
  ('b0000000-0000-0000-0000-000000000004', '11111111-1111-1111-1111-111111111111', 15.00, '2025-01-15 10:00:00+00'),
  ('b0000000-0000-0000-0000-000000000005', '11111111-1111-1111-1111-111111111111', 20.00, '2025-01-15 10:00:00+00'),
  ('b0000000-0000-0000-0000-000000000006', '11111111-1111-1111-1111-111111111111', 0.00, '2025-01-15 10:00:00+00');

-- ========================================
-- END OF TEST DATA
-- ========================================

